1,Joel,joel@gmail.com,1234567890,456,Driver
2,Yuvon,yuvon@gmail.com,123,456,Admin
3,sabari,sabari@gmail.com,12345,456,Driver
4,muthu,muthu@gmail.com,123,456,Driver
5,kathir,kathir@gmail.com,123,456,Driver
6,pravin,pravin@gmail.com,123,456,Driver
7,hari,hari@gmail.com,123,456,Driver
8,Ajith,ajith@gmail.com,123,456,Customer
9,Messi,messi@gmail.com,123,456,Customer
10,daniel,daniel@gmail.com,123,456,Customer
11,mani,mani@gmail.com,122,456,Customer
12,laurel,laurel@gmail.com,1234,456,Driver
13,abel,abel@gmail.com,123,456,Customer
14,Arun,arun@gmail.com,9876543210,DuxqC4436,Customer
15,vasanth,vasanth@gmail.com,123,456,Driver
16,thoufeek,thoufeek@gmail.com,123,456,Customer
17,sabari,sabari,1234567890,vdedul,Admin
18,Davis,davis@gmail.com,123,456,Customer
19,thirumalai,thirumalai@gmail.com,123,456,Customer
20,ram@gmail.com,ram@gmial.com,6381455390,4567,Customer
23,sankar,sankar@gmail.com,123,456,Driver
24,ragavan,ragavan@gmail.com,123,456,Customer
25,santhi,sts@gmail.com,1234554321,Vdqwklb456,Customer
26,Arun,arun1@gmail.com,123,456,Driver
27,mesinaldo,messi,messi,,Customer
28,joel,joel,joel,,Customer
29,yuvon,1,1,,Customer
30,1,2,2,,Customer
